train_lr,train_class_error,train_loss,train_loss_ce,train_loss_bbox,train_loss_giou,train_loss_ce_0,train_loss_bbox_0,train_loss_giou_0,train_loss_ce_1,train_loss_bbox_1,train_loss_giou_1,train_loss_ce_enc,train_loss_bbox_enc,train_loss_giou_enc,train_loss_ce_unscaled,train_class_error_unscaled,train_loss_bbox_unscaled,train_loss_giou_unscaled,train_cardinality_error_unscaled,train_loss_ce_0_unscaled,train_loss_bbox_0_unscaled,train_loss_giou_0_unscaled,train_cardinality_error_0_unscaled,train_loss_ce_1_unscaled,train_loss_bbox_1_unscaled,train_loss_giou_1_unscaled,train_cardinality_error_1_unscaled,train_loss_ce_enc_unscaled,train_loss_bbox_enc_unscaled,train_loss_giou_enc_unscaled,train_cardinality_error_enc_unscaled,test_class_error,test_loss,test_loss_ce,test_loss_bbox,test_loss_giou,test_loss_ce_0,test_loss_bbox_0,test_loss_giou_0,test_loss_ce_1,test_loss_bbox_1,test_loss_giou_1,test_loss_ce_enc,test_loss_bbox_enc,test_loss_giou_enc,test_loss_ce_unscaled,test_class_error_unscaled,test_loss_bbox_unscaled,test_loss_giou_unscaled,test_cardinality_error_unscaled,test_loss_ce_0_unscaled,test_loss_bbox_0_unscaled,test_loss_giou_0_unscaled,test_cardinality_error_0_unscaled,test_loss_ce_1_unscaled,test_loss_bbox_1_unscaled,test_loss_giou_1_unscaled,test_cardinality_error_1_unscaled,test_loss_ce_enc_unscaled,test_loss_bbox_enc_unscaled,test_loss_giou_enc_unscaled,test_cardinality_error_enc_unscaled,map@50:95,map@50,precision,recall,map,epoch,n_parameters,ema_test_class_error,ema_test_loss,ema_test_loss_ce,ema_test_loss_bbox,ema_test_loss_giou,ema_test_loss_ce_0,ema_test_loss_bbox_0,ema_test_loss_giou_0,ema_test_loss_ce_1,ema_test_loss_bbox_1,ema_test_loss_giou_1,ema_test_loss_ce_enc,ema_test_loss_bbox_enc,ema_test_loss_giou_enc,ema_test_loss_ce_unscaled,ema_test_class_error_unscaled,ema_test_loss_bbox_unscaled,ema_test_loss_giou_unscaled,ema_test_cardinality_error_unscaled,ema_test_loss_ce_0_unscaled,ema_test_loss_bbox_0_unscaled,ema_test_loss_giou_0_unscaled,ema_test_cardinality_error_0_unscaled,ema_test_loss_ce_1_unscaled,ema_test_loss_bbox_1_unscaled,ema_test_loss_giou_1_unscaled,ema_test_cardinality_error_1_unscaled,ema_test_loss_ce_enc_unscaled,ema_test_loss_bbox_enc_unscaled,ema_test_loss_giou_enc_unscaled,ema_test_cardinality_error_enc_unscaled,all_best_res,all_best_ep,regular_best_res,regular_best_ep,ema_best_res,ema_best_ep,21:59,0:25,0:26,22:24,0:22,0:24,22:50,23:13,0:23,23:42,0:27,0:29,00:07,00:34,01:01,01:24,0:21,01:54,0:28,02:23,02:46,03:17,0:30,03:41,04:06,04:37,05:10,0:31,0:33,05:49,0:37,0:39,06:21,07:14,0:49,0:52,13:17
0.0001,71.57779947916667,7.374762778188668,1.1326775901457842,0.17110603244281283,0.5388733984208575,1.13691919223935,0.17250816012714423,0.534629305788115,1.125200769480537,0.1720924692995408,0.5359491092317245,1.1153267434999055,0.1793400656943228,0.5601399517526814,1.1326775901457842,71.57779947916667,0.03422120655430298,0.26943669921042873,3896.6813725490197,1.13691919223935,0.034501632091169264,0.2673146528940575,3896.6838235294117,1.125200769480537,0.034418493655382416,0.2679745546158622,3896.595588235294,1.1153267434999055,0.03586801338721724,0.2800699758763407,3894.6323529411766,52.71092074850331,6.618132591247559,1.022248641304348,0.1126422762222912,0.5016503269257753,1.0427989130434783,0.11693012260872385,0.5076645457226298,1.024116847826087,0.11511940541474716,0.5072203019390935,1.0232676630434783,0.1205279334731724,0.5239455907241158,1.022248641304348,52.71092074850331,0.0225284553092459,0.25082516346288763,296.1141304347826,1.0427989130434783,0.02338602458653243,0.2538322728613149,296.1141304347826,1.024116847826087,0.023023881423084633,0.25361015096954675,296.1141304347826,1.0232676630434783,0.024105586759422138,0.2619727953620579,295.5923913043478,0.07393216453935786,0.12551979508875724,0.13938272925784728,0.5,0.12551979508875724,1,32250088.0,53.218451624331266,6.632496025251306,1.028023097826087,0.11284492359213207,0.49964057751323865,1.0439877717391304,0.11736148142296335,0.5083196966544442,1.028023097826087,0.11499651035536891,0.5068024060000544,1.0295516304347827,0.12061689729275911,0.5223280035931132,1.028023097826087,53.218451624331266,0.02256898476701716,0.24982028875661932,296.1141304347826,1.0439877717391304,0.02347229639797107,0.2541598483272221,296.10869565217394,1.028023097826087,0.02299930203867995,0.2534012030000272,296.1032608695652,1.0295516304347827,0.024123379393764164,0.2611640017965566,295.48369565217394,0.07557735512932234,0.0,0.07557735512932234,0.0,0.07393216453935786,0.0,56.146455,33.0,58.0,,,,,,,,,,,,,,,,,,,,,,,,,,,,,,,,,,
0.0001,42.88816496905159,6.278880839254342,0.9416443927615297,0.13794974047763675,0.4693572053722307,0.9690230196597529,0.13894545652118384,0.47241578207296486,0.9425093741977916,0.1366334997263609,0.4698846591453926,0.9565194728327733,0.14691868117626974,0.49707958569713667,0.9416443927615297,42.88816496905159,0.02758994811744082,0.23467860268611535,3896.357843137255,0.9690230196597529,0.027789091399195148,0.23620789103648243,3893.3848039215686,0.9425093741977916,0.027326699857618295,0.2349423295726963,3892.705882352941,0.9565194728327733,0.029383736242558443,0.24853979284856834,3890.098039215686,40.04585630997367,6.2232187312582266,0.9239130434782609,0.11531241367692532,0.49747770635978034,0.9524456521739131,0.11438383712716725,0.49247217437495355,0.9325747282608695,0.11334605838941492,0.4967289942762126,0.9458220108695652,0.1212928298374881,0.5174492480962173,0.9239130434782609,40.04585630997367,0.02306248255721901,0.24873885317989017,296.07608695652175,0.9524456521739131,0.02287676736064579,0.24623608718747678,295.70652173913044,0.9325747282608695,0.022669211758867554,0.2483644971381063,295.32065217391306,0.9458220108695652,0.024258565886513046,0.25872462404810864,294.76630434782606,0.14964629345943817,0.23923682449344433,0.2681329198971661,0.5,0.23923682449344433,2,32250088.0,40.33495679108993,6.1896545783333154,0.9191576086956522,0.11330836719792822,0.49274175192998804,0.9577105978260869,0.11162574654040129,0.48694717365762463,0.9276494565217391,0.11214519583660623,0.4939459808494734,0.9436141304347826,0.11878557600404906,0.512023055035135,0.9191576086956522,40.33495679108993,0.022661673229025757,0.24637087596499402,296.08152173913044,0.9577105978260869,0.022325149372867916,0.24347358682881232,295.6902173913044,0.9276494565217391,0.022429039134927418,0.2469729904247367,295.39130434782606,0.9436141304347826,0.02375711508743141,0.2560115275175675,294.80434782608694,0.15106296596493862,1.0,0.15106296596493862,1.0,0.14964629345943817,1.0,,,,8.759946,46.0,12.0,,,,,,,,,,,,,,,,,,,,,,,,,,,,,,,
0.0001,30.100250618130552,5.718699707704432,0.8412685709841111,0.12764877022481433,0.43486667964972703,0.8809106723934996,0.1277858644139533,0.43003032195801827,0.8479522665341696,0.12653618568883224,0.43270500033509496,0.8807844145625245,0.13448904966022454,0.4537219644761553,0.8412685709841111,30.100250618130552,0.025529753964613464,0.21743333982486351,3895.8651960784314,0.8809106723934996,0.025557172831659224,0.21501516097900913,3889.6348039215686,0.8479522665341696,0.025307237225420335,0.21635250016754748,3886.473039215686,0.8807844145625245,0.026897809997785325,0.22686098223807766,3883.6960784313724,31.728943866232168,5.879173589789349,0.8432404891304348,0.10878688906845839,0.48436537644137506,0.8797554347826086,0.11105152608259865,0.48821512512538745,0.8508831521739131,0.10940590533225433,0.4876555657905081,0.8926630434782609,0.1163589526777682,0.5067920205385789,0.8432404891304348,31.728943866232168,0.021757377878479336,0.24218268822068753,296.0978260869565,0.8797554347826086,0.022210305232716644,0.24410756256269373,295.4402173913044,0.8508831521739131,0.021881181179829266,0.24382778289525406,295.5923913043478,0.8926630434782609,0.02327179034119067,0.25339601026928943,295.3369565217391,0.19732807291847312,0.3123165796761194,0.29772387437583614,0.66,0.3123165796761194,3,32250088.0,30.963501474131707,5.853690458380657,0.8386548913043478,0.10908683195062306,0.48583186061485956,0.8709239130434783,0.11036140892816626,0.48751104655473126,0.8457880434782609,0.10928741065056427,0.48756745328073914,0.890625,0.1146874848915183,0.5033651033173436,0.8386548913043478,30.963501474131707,0.02181736630914004,0.24291593030742978,296.0978260869565,0.8709239130434783,0.02207228176943634,0.24375552327736563,295.7880434782609,0.8457880434782609,0.02185748209771903,0.24378372664036957,295.7880434782609,0.890625,0.022937496962106747,0.2516825516586718,295.45108695652175,0.19732807291847312,2.0,0.1958478126568775,2.0,0.19732807291847312,2.0,,56.0,,,,30.0,4.860819,,,,,,,,,,,,,,,,,,,,,,,,,,,,,,
0.0001,27.303320866005095,5.638914790807986,0.8004242158403584,0.13170141171590954,0.44061198070937513,0.8499103200201895,0.13185396892767326,0.4427185081968121,0.8068841964590783,0.1312725728048998,0.44248684656386283,0.8549930277992698,0.13956552305642297,0.46649228708416807,0.8004242158403584,27.303320866005095,0.026340282284745983,0.22030599035468756,3893.517156862745,0.8499103200201895,0.0263707937088375,0.22135925409840604,3886.0906862745096,0.8068841964590783,0.026254514451412594,0.22124342328193142,3878.8333333333335,0.8549930277992698,0.02791310441406334,0.23324614354208403,3882.276960784314,25.80959817637568,5.746874892193338,0.8203125,0.10583872283282487,0.4812668017719103,0.864639945652174,0.10748728397099869,0.481148986712746,0.8215013586956522,0.10604597466147464,0.48368620224620984,0.8614130434782609,0.11261979652487714,0.5009141914222551,0.8203125,25.80959817637568,0.021167744760927948,0.24063340088595514,295.9891304347826,0.864639945652174,0.021497456802298195,0.240574493356373,295.2717391304348,0.8215013586956522,0.0212091950132795,0.24184310112310492,295.4728260869565,0.8614130434782609,0.02252395928877851,0.25045709571112756,294.5869565217391,0.25417170697375563,0.4041584458077896,0.45358717262814796,0.5,0.4041584458077896,4,32250088.0,25.384447346562926,5.652500525764797,0.7989130434782609,0.10548591775738675,0.4728532524212547,0.8478260869565217,0.10718877743119778,0.4772876656573752,0.8045176630434783,0.10607373876416165,0.4764263927936554,0.8505434782608695,0.11123434065476707,0.49415024855862494,0.7989130434782609,25.384447346562926,0.02109718355147735,0.23642662621062735,296.04347826086956,0.8478260869565217,0.0214377557048979,0.2386438328286876,295.5108695652174,0.8045176630434783,0.0212147477204385,0.2382131963968277,295.7554347826087,0.8505434782608695,0.02224686806616576,0.24707512427931247,294.91847826086956,0.25417170697375563,3.0,0.24436581757191736,3.0,0.25417170697375563,3.0,,,,,18.0,,,49.227156,44.0,,,,,,,,,,,,,,,,,,,,,,,,,,,,
0.0001,20.60870922313017,5.289328631232767,0.7329263909190309,0.12308809394929923,0.4262417484732235,0.7840930936383266,0.12606468548377356,0.4347370196791256,0.7419488991008085,0.12299186517210568,0.42435837493223305,0.7836999741255068,0.13257359085129758,0.45660490206643645,0.7329263909190309,20.60870922313017,0.0246176188263823,0.21312087423661175,3889.0588235294117,0.7840930936383266,0.02521293708945022,0.2173685098395628,3878.2549019607845,0.7419488991008085,0.024598373027116646,0.21217918746611653,3874.404411764706,0.7836999741255068,0.02651471823599993,0.22830245103321822,3874.9362745098038,23.1929525292438,5.59132949165676,0.7839673913043478,0.1045005875437156,0.47669871216234955,0.8196331521739131,0.10838389267092166,0.4846014821011087,0.7853260869565217,0.1060936055753542,0.48434460163116455,0.82421875,0.11196030773546385,0.5016009444775789,0.7839673913043478,23.1929525292438,0.02090011739536472,0.23834935608117477,295.9347826086956,0.8196331521739131,0.02167677842890439,0.24230074105055435,295.3097826086956,0.7853260869565217,0.021218721106972382,0.24217230081558228,295.41847826086956,0.82421875,0.022392061336532883,0.25080047223878943,295.1576086956522,0.28293852774731865,0.4574006169430585,0.42252327804003276,0.66,0.4574006169430585,5,32250088.0,22.327758623206098,5.520248848458995,0.7736073369565217,0.10340396120496419,0.47009700795878534,0.809952445652174,0.10771149623653163,0.47786354759465094,0.7737771739130435,0.10546053362929303,0.4780381412609764,0.8184442934782609,0.11115415426700012,0.4907388220662656,0.7736073369565217,22.327758623206098,0.020680792386765064,0.23504850397939267,296.0326086956522,0.809952445652174,0.021542299052943355,0.23893177379732547,295.23369565217394,0.7737771739130435,0.021092106750153976,0.2390190706304882,295.7391304347826,0.8184442934782609,0.022230830893892307,0.2453694110331328,295.2554347826087,0.28293852774731865,4.0,0.2796588718504225,4.0,0.28293852774731865,4.0,,,,,,,,,,54.642433,39.0,5.0,,,,,,,,,,,,,,,,,,,,,,,,,
0.0001,17.613535637949028,5.025905281889672,0.7016112079807356,0.11601722065140219,0.3976522964589736,0.7512309200623456,0.11704838495044147,0.40308070942467333,0.7096392629193324,0.11688916429000742,0.401705347439822,0.7565712671653897,0.12645471139865763,0.42800484042541653,0.7016112079807356,17.613535637949028,0.023203444283674744,0.1988261482294868,3876.7916666666665,0.7512309200623456,0.023409676902434406,0.20154035471233667,3875.0661764705883,0.7096392629193324,0.023377832810522293,0.200852673719911,3864.424019607843,0.7565712671653897,0.02529094240390787,0.21400242021270827,3874.546568627451,18.27830007801885,5.423253432564113,0.7452445652173914,0.10542838631764702,0.4736336689928304,0.7761548913043478,0.1083151348259138,0.48212295641069824,0.7442255434782609,0.10740309662145117,0.4778799945893495,0.7927989130434783,0.11143224394839743,0.49861410130625183,0.7452445652173914,18.27830007801885,0.021085677344513977,0.2368168344964152,295.95108695652175,0.7761548913043478,0.021663027005675045,0.24106147820534912,294.16847826086956,0.7442255434782609,0.021480619219010292,0.23893999729467474,295.07065217391306,0.7927989130434783,0.022286448425248913,0.24930705065312592,295.2173913043478,0.30641697108703164,0.48831227670318544,0.5680023109537219,0.5,0.48831227670318544,6,32250088.0,19.162285348643426,5.411667803059453,0.7472826086956522,0.103664124465507,0.4686911922434102,0.7819293478260869,0.10722801639981892,0.47836521656616876,0.7467730978260869,0.10577829084966493,0.47507077844246576,0.7931385869565217,0.11088292754214743,0.4928636032602061,0.7472826086956522,19.162285348643426,0.020732824771624546,0.2343455961217051,295.9728260869565,0.7819293478260869,0.021445603312357613,0.23918260828308438,295.35869565217394,0.7467730978260869,0.021155658137539158,0.23753538922123288,295.5,0.7931385869565217,0.022176585646103256,0.24643180163010306,295.3478260869565,0.30641697108703164,5.0,0.3003271592824931,5.0,0.30641697108703164,5.0,,,,,,54.0,,,28.0,,,,49.354545,,,,,,,,,,,,,,,,,,,,,,,,
0.0001,14.701138664694394,4.850416660308838,0.6743711607128966,0.10797268678160275,0.38997191073847753,0.7268246307092554,0.10936790061931984,0.39296123794480864,0.6817128634920308,0.10833376719086778,0.3915574831121108,0.7349618860319549,0.11762452037895427,0.4147566136191873,0.6743711607128966,14.701138664694394,0.021594537312493604,0.19498595536923877,3868.002450980392,0.7268246307092554,0.02187358020056112,0.19648061897240432,3861.6151960784314,0.6817128634920308,0.0216667535623499,0.1957787415560554,3860.0416666666665,0.7349618860319549,0.02352490422188067,0.20737830680959365,3877.171568627451,17.695779551630434,5.421912276226541,0.7413383152173914,0.10432082835746848,0.476296155349068,0.7868546195652174,0.10754683516595674,0.4822689631710882,0.7425271739130435,0.10606891240762628,0.4840425058551457,0.7809103260869565,0.1115309903803079,0.4982066076734792,0.7413383152173914,17.695779551630434,0.020864165792970554,0.238148077674534,295.9021739130435,0.7868546195652174,0.02150936700079752,0.2411344815855441,295.55434782608694,0.7425271739130435,0.021213782505820625,0.24202125292757284,295.625,0.7809103260869565,0.022306198132750782,0.2491033038367396,295.7771739130435,0.32235523446596664,0.5214427821728529,0.49728194202495063,0.66,0.5214427821728529,7,32250088.0,17.175474415654723,5.334274416384489,0.7365828804347826,0.10242166467334914,0.46436582052189374,0.7691915760869565,0.1054001628704693,0.47069856654042785,0.7374320652173914,0.10336502220319665,0.46715607461722003,0.7775135869565217,0.11110465941221817,0.48904238446899084,0.7365828804347826,17.175474415654723,0.020484332845586796,0.23218291026094687,295.6358695652174,0.7691915760869565,0.02108003271986609,0.23534928327021393,295.17934782608694,0.7374320652173914,0.02067300438395013,0.23357803730861001,295.16847826086956,0.7775135869565217,0.02222093186624672,0.24452119223449542,295.3423913043478,0.32235523446596664,6.0,0.31691136424831373,6.0,0.32235523446596664,6.0,,1.0,27.0,,,,,,,,,,,17.074436,,,,,,,,,,,,,,,,,,,,,,,
0.0001,14.055342879949832,4.854708610796461,0.6550883095638425,0.11311438526300822,0.3974544175115286,0.7162374713841606,0.11664645914353576,0.40351853037581725,0.6647392464619056,0.11385741596128426,0.39772582083356145,0.7203033350261987,0.12588420729426777,0.43013908757882957,0.6550883095638425,14.055342879949832,0.02262287707451512,0.1987272087557643,3884.4387254901962,0.7162374713841606,0.02332929169357407,0.20175926518790863,3877.203431372549,0.6647392464619056,0.022771483195909097,0.19886291041678072,3876.1936274509803,0.7203033350261987,0.02517684150998499,0.21506954378941479,3879.546568627451,17.922437253205672,5.325608419335407,0.7404891304347826,0.1026313834540222,0.4651064950486888,0.7685122282608695,0.10349750000497569,0.46733995365059894,0.7338654891304348,0.1036107076898865,0.46790929721749347,0.7725883152173914,0.11014716100433598,0.4899107969325522,0.7404891304347826,17.922437253205672,0.02052627686087204,0.2325532475243444,295.9728260869565,0.7685122282608695,0.020699499863321365,0.23366997682529947,295.4076086956522,0.7338654891304348,0.020722141610863415,0.23395464860874673,295.75,0.7725883152173914,0.022029432184670284,0.2449553984662761,295.5597826086956,0.32956735137041404,0.5371741780058833,0.5246923359370222,0.66,0.5371741780058833,8,32250088.0,16.466215548308,5.267291898312776,0.7284307065217391,0.10129337466281393,0.4621865619783816,0.7581521739130435,0.10284247800059941,0.46490780814834265,0.7262228260869565,0.10188850987216701,0.46543528204378876,0.7640964673913043,0.10792931590391242,0.4839063973530479,0.7284307065217391,16.466215548308,0.020258674964956615,0.2310932809891908,295.7826086956522,0.7581521739130435,0.020568495535332222,0.23245390407417132,295.2554347826087,0.7262228260869565,0.020377702079713345,0.23271764102189438,295.5652173913044,0.7640964673913043,0.021585863205077854,0.24195319867652396,295.30434782608694,0.32956735137041404,7.0,0.3201237339643901,7.0,0.32956735137041404,7.0,,34.0,,,,,,,,,0.0,,,,17.63535,,,,,,,,,,,,,,,,,,,,,,
0.0001,12.870722751991421,4.7436519183364565,0.6362920906029496,0.10902003783221338,0.3965826788369347,0.6929135895242878,0.11045954201151342,0.39860747783791783,0.646196651692484,0.10868557235773872,0.39589713192453574,0.7078790395867591,0.11833393836722654,0.4227841765272851,0.6362920906029496,12.870722751991421,0.021804007573747168,0.19829133941846736,3892.205882352941,0.6929135895242878,0.022091908435172895,0.19930373891895892,3886.1813725490197,0.646196651692484,0.021737114398502837,0.19794856596226787,3888.404411764706,0.7078790395867591,0.023666787618661627,0.21139208826364256,3883.776960784314,16.8383961553159,5.295616709667703,0.7253736413043478,0.1034824546912442,0.4648385851279549,0.7476222826086957,0.10667725198942682,0.4690770869669707,0.725203804347826,0.1029052906062292,0.4637084046135778,0.7683423913043478,0.11666333189477092,0.5017221582972485,0.7253736413043478,16.8383961553159,0.020696490760082783,0.23241929256397745,295.9782608695652,0.7476222826086957,0.021335450365491535,0.23453854348348535,295.4945652173913,0.725203804347826,0.02058105806455664,0.2318542023067889,295.8152173913044,0.7683423913043478,0.023332666362757267,0.25086107914862427,295.6521739130435,0.3339428348796304,0.5468474761582314,0.5196557468210192,0.66,0.5468474761582314,9,32250088.0,15.339208188264266,5.235495795374331,0.720108695652174,0.10184556116228519,0.4602887176949045,0.7520380434782609,0.10405183324347371,0.4639427195424619,0.7206182065217391,0.10233917022528856,0.4621537288893824,0.7593410326086957,0.10838120463101761,0.4803868545138318,0.720108695652174,15.339208188264266,0.02036911224865395,0.23014435884745224,296.0217391304348,0.7520380434782609,0.020810366729679314,0.23197135977123096,295.6032608695652,0.7206182065217391,0.020467834142239197,0.2310768644446912,295.8152173913044,0.7593410326086957,0.02167624101528655,0.2401934272569159,295.6576086956522,0.3445076324478911,8.0,0.3445076324478911,8.0,0.3339428348796304,8.0,,,,,,,,,4.0,,,,,,,22.315908,39.0,,,,,,,,,,,,,,,,,,,,
0.0001,10.16851686963848,4.6008114721260815,0.6074754695097605,0.10793875639929491,0.3866240949023004,0.6688848593655754,0.10843848948385201,0.39058927169033125,0.6157013697951448,0.10899160349485922,0.38897156072597877,0.6819117595167721,0.11825496528078527,0.4170292510705836,0.6074754695097605,10.16851686963848,0.021587751349251644,0.1933120474511502,3894.2696078431372,0.6688848593655754,0.02168769792964061,0.19529463584516563,3885.7303921568628,0.6157013697951448,0.021798320753755523,0.19448578036298939,3891.4093137254904,0.6819117595167721,0.023650993118245228,0.2085146255352918,3889.348039215686,15.958190420399541,5.340390951737113,0.7231657608695652,0.10852733999490738,0.4794194750163866,0.7561141304347826,0.11015565984922907,0.4806859765363776,0.7274116847826086,0.10868399233921715,0.4803676644097204,0.7559442934782609,0.11525460008693778,0.4946604487688645,0.7231657608695652,15.958190420399541,0.021705467861307705,0.2397097375081933,295.9728260869565,0.7561141304347826,0.0220311320103381,0.2403429882681888,295.42934782608694,0.7274116847826086,0.02173679852453263,0.2401838322048602,295.82608695652175,0.7559442934782609,0.023050920065978298,0.24733022438443225,295.7391304347826,0.35256730118679175,0.5716997936709248,0.5463004233524765,0.66,0.5716997936709248,10,32250088.0,15.181837330693783,5.210351840309475,0.71875,0.10140678416127744,0.45843723805054376,0.7415081521739131,0.10461384219967801,0.46396502463713934,0.7160326086956522,0.10212321125942728,0.4633268986059272,0.7528872282608695,0.10827938791202463,0.4790214261283045,0.71875,15.181837330693783,0.02028135679986166,0.22921861902527188,296.01630434782606,0.7415081521739131,0.02092276841564023,0.23198251231856967,295.6521739130435,0.7160326086956522,0.020424642276180828,0.2316634493029636,295.8967391304348,0.7528872282608695,0.02165587748522344,0.23951071306415225,295.79347826086956,0.3649280214617504,9.0,0.3649280214617504,9.0,0.35256730118679175,9.0,,,,,,,,,,,,49.0,,,,,,11.501739,23.0,,,,,,,,,,,,,,,,,,
0.0001,9.770097021963082,4.536796481001611,0.6041360649408078,0.10535400148992445,0.37462612577513155,0.6589104802000756,0.10881006776117812,0.3836282392342885,0.6130547032636755,0.10559521988034248,0.3753650565357769,0.6772815111805411,0.1197718672600447,0.4102631389510398,0.6041360649408078,9.770097021963082,0.021070800374682043,0.18731306288756577,3884.0122549019607,0.6589104802000756,0.02176201354493113,0.19181411961714426,3881.2426470588234,0.6130547032636755,0.021119044089288105,0.18768252826788845,3885.7622549019607,0.6772815111805411,0.023954373455661183,0.2051315694755199,3886.8406862745096,15.352032371189283,5.260684759720512,0.7168817934782609,0.10435812078092409,0.46959234191023785,0.7566236413043478,0.10481660910274672,0.4701829591523046,0.7163722826086957,0.10313479505155397,0.46780868328135944,0.7559442934782609,0.10919264120900113,0.4857765786025835,0.7168817934782609,15.352032371189283,0.020871624229070934,0.23479617095511893,295.875,0.7566236413043478,0.02096332180435243,0.2350914795761523,295.4891304347826,0.7163722826086957,0.020626958986015423,0.23390434164067972,295.625,0.7559442934782609,0.02183852834708017,0.24288828930129175,295.5326086956522,0.3745975780244114,0.5909723658087821,0.5726944427411771,0.66,0.5909723658087821,11,32250088.0,14.231421263321586,5.17935381764951,0.7116168478260869,0.10155609104296436,0.4587888601033584,0.7359035326086957,0.10433382200806038,0.46475564008173736,0.7116168478260869,0.10143438078787016,0.4609869809254356,0.744735054347826,0.1077128366931625,0.4759129233982252,0.7116168478260869,14.231421263321586,0.020311218119509842,0.2293944300516792,296.0,0.7359035326086957,0.020866764506892017,0.23237782004086868,295.57608695652175,0.7116168478260869,0.02028687610088483,0.2304934904627178,295.7717391304348,0.744735054347826,0.0215425673953217,0.2379564616991126,295.6902173913044,0.3745975780244114,10.0,0.36834338159548374,10.0,0.3745975780244114,10.0,,,,,,,,,,,,30.0,,,,,,,2.0,41.629354,,,,,,,,,,,,,,,,,
0.0001,7.090050192440257,4.360531905118157,0.5691270869152218,0.10400691219404631,0.3666601549176609,0.6309725501958061,0.10522741561426836,0.37131742636362713,0.5788877249932757,0.10437443720943787,0.3676121047898835,0.6473098251165128,0.11576459089330599,0.3992716521024704,0.5691270869152218,7.090050192440257,0.02080138246802723,0.18333007745883045,3886.424019607843,0.6309725501958061,0.02104548302789529,0.18565871318181357,3871.223039215686,0.5788877249932757,0.020874887412669612,0.18380605239494174,3879.9656862745096,0.6473098251165128,0.023152918080050572,0.1996358260512352,3874.264705882353,15.202305171800697,5.226427720940632,0.717391304347826,0.1042436073007791,0.4626150118268054,0.7326766304347826,0.10620177634384322,0.46721761770870374,0.7204483695652174,0.1051373488229254,0.46674417283224023,0.7425271739130435,0.11198118426229643,0.4892435799474302,0.717391304347826,15.202305171800697,0.020848721387269703,0.2313075059134027,295.8858695652174,0.7326766304347826,0.0212403551634887,0.23360880885435187,295.32608695652175,0.7204483695652174,0.02102746988606194,0.23337208641612012,295.6195652173913,0.7425271739130435,0.02239623677957317,0.2446217899737151,295.5217391304348,0.38860639817515885,0.6119646003713194,0.602192786399064,0.66,0.6119646003713194,12,32250088.0,13.821845676587975,5.148343065510625,0.7099184782608695,0.09977165593401245,0.4539885326572087,0.7301290760869565,0.10349116765934488,0.4596356321936068,0.7092391304347826,0.10089216186948445,0.4587683133457018,0.736922554347826,0.10881369398987811,0.47677264913268713,0.7099184782608695,13.821845676587975,0.019954331340673176,0.22699426632860434,295.9673913043478,0.7301290760869565,0.02069823354806589,0.2298178160968034,295.57608695652175,0.7092391304347826,0.02017843237389689,0.2293841566728509,295.7608695652174,0.736922554347826,0.021762738854664822,0.23838632456634357,295.5978260869565,0.38860639817515885,11.0,0.3835766129486516,11.0,0.38860639817515885,11.0,,,,,,,,,13.0,,,,,,,,47.0,,,,54.997124,,,,,,,,,,,,,,,,
0.0001,7.964703354181028,4.446159498364318,0.5832956813129724,0.10371215787588381,0.3752100637146071,0.6391920143482732,0.10659925026052139,0.3815673694891088,0.5900999401129928,0.10516663158641142,0.3781968653202057,0.6548602429090762,0.11832069430281134,0.40993858201830996,0.5832956813129724,7.964703354181028,0.020742431502131856,0.18760503185730354,3892.4926470588234,0.6391920143482732,0.02131985014706266,0.1907836847445544,3883.593137254902,0.5900999401129928,0.02103332627345534,0.18909843266010284,3888.3186274509803,0.6548602429090762,0.023664138864214514,0.20496929100915498,3885.8676470588234,14.483870630678924,5.234945069188657,0.7119565217391305,0.10404212448907935,0.4648798017398171,0.7393002717391305,0.10687594131931015,0.46566897760266845,0.7151834239130435,0.10401689876680789,0.46520144654356915,0.7415081521739131,0.11633366832266683,0.4999778115231058,0.7119565217391305,14.483870630678924,0.020808425003095814,0.23243990086990854,295.9347826086956,0.7393002717391305,0.021375188158582085,0.23283448880133423,295.6304347826087,0.7151834239130435,0.02080337974526312,0.23260072327178458,295.7282608695652,0.7415081521739131,0.023266733664533367,0.2499889057615529,295.5869565217391,0.3896889089662338,0.6199713616923346,0.6100009009872536,0.66,0.6199713616923346,13,32250088.0,14.044468091881793,5.148893107538638,0.7090692934782609,0.10087909760034602,0.45524960885877197,0.7299592391304348,0.1035524345934391,0.45810739760813507,0.7088994565217391,0.10141989086633144,0.4595937430858612,0.7335258152173914,0.10945166874191035,0.47918547495551733,0.7090692934782609,14.044468091881793,0.020175819609152233,0.22762480442938599,295.95108695652175,0.7299592391304348,0.020710487040164677,0.22905369880406753,295.5978260869565,0.7088994565217391,0.02028397839192463,0.2297968715429306,295.75,0.7335258152173914,0.02189033369169287,0.23959273747775867,295.6467391304348,0.3896889089662338,12.0,0.3835766129486516,11.0,0.3896889089662338,12.0,,,,,,,,,,,,10.0,,,,,,,,,,30.644656,35.0,,,,,,,,,,,,,,
0.0001,7.095128676470588,4.289056558235019,0.5579056973550834,0.09996829868531694,0.35858210804415686,0.6208833555380503,0.10246981285950717,0.36547299255343046,0.5685281028934553,0.10030137747526169,0.3600940441384035,0.6403612734055987,0.11451652017878551,0.399972995706633,0.5579056973550834,7.095128676470588,0.019993659857587488,0.17929105402207843,3892.544117647059,0.6208833555380503,0.02049396269242553,0.18273649627671523,3889.1789215686276,0.5685281028934553,0.020060275553488265,0.18004702206920176,3891.6862745098038,0.6403612734055987,0.02290330398097342,0.1999864978533165,3889.2083333333335,14.402055159859035,5.145383005556853,0.6942934782608695,0.10319763114270956,0.45866452481435693,0.7301290760869565,0.10449267162576965,0.46505226777947467,0.7002377717391305,0.10376693113990453,0.46416834126348083,0.7360733695652174,0.10874066566643507,0.47656629526096844,0.6942934782608695,14.402055159859035,0.020639526171852714,0.22933226240717847,296.0108695652174,0.7301290760869565,0.020898534349449303,0.23252613388973734,295.73369565217394,0.7002377717391305,0.02075338626847319,0.23208417063174042,295.8858695652174,0.7360733695652174,0.021748133125188557,0.23828314763048422,295.82065217391306,0.39840920286265197,0.6342453015172244,0.6271653918068234,0.66,0.6342453015172244,14,32250088.0,13.63469878486965,5.132044864737469,0.7082201086956522,0.09931336796802023,0.4510666222675987,0.7328464673913043,0.10279095108094423,0.45850587409475574,0.7092391304347826,0.10035821795463562,0.45445632675419684,0.7306385869565217,0.10843904446000638,0.4761701005956401,0.7082201086956522,13.63469878486965,0.019862673528816387,0.22553331113379935,295.95652173913044,0.7328464673913043,0.020558190329567246,0.22925293704737787,295.55434782608694,0.7092391304347826,0.020071643566631752,0.22722816337709842,295.6902173913044,0.7306385869565217,0.02168780885150899,0.23808505029782004,295.6576086956522,0.40358951066283116,13.0,0.40358951066283116,13.0,0.39840920286265197,13.0,,,,,47.0,19.0,,,,,,,,,,,,,,,,,,50.415044,,,,,,,,,,,,,
0.0001,5.760558483647365,4.235588475769641,0.550154296206493,0.10097204608952298,0.35586700106368346,0.610078433565065,0.10370148689139123,0.36207975125780295,0.5592290221476087,0.10141386792940252,0.3561340336706124,0.6286133685532738,0.11471165307596617,0.39263351641449273,0.550154296206493,5.760558483647365,0.02019440926903603,0.17793350053184173,3891.1862745098038,0.610078433565065,0.02074029736732151,0.18103987562890148,3885.4460784313724,0.5592290221476087,0.02028277362970745,0.1780670168353062,3889.5392156862745,0.6286133685532738,0.022942330615193237,0.19631675820724637,3888.8382352941176,14.267894081447436,5.2380067887513535,0.7024456521739131,0.10441417603389076,0.4673921737981879,0.7355638586956522,0.10692348687545113,0.47524931378986524,0.7104279891304348,0.10533647660327994,0.4681879372700401,0.7515285326086957,0.11520456943822943,0.4953324937302133,0.7024456521739131,14.267894081447436,0.020882835085301296,0.23369608689909396,295.98369565217394,0.7355638586956522,0.021384697488468628,0.23762465689493262,295.54347826086956,0.7104279891304348,0.02106729534495136,0.23409396863502005,295.8532608695652,0.7515285326086957,0.023040913895744343,0.24766624686510666,295.76630434782606,0.39752594913671513,0.6384390724825356,0.6312121068589172,0.66,0.6384390724825356,15,32250088.0,13.371509220289147,5.110147579856541,0.7063519021739131,0.09888101271961046,0.4494515799957773,0.7292798913043478,0.10159264310546544,0.4539155830507693,0.7080502717391305,0.09987950438390607,0.4535577802554421,0.7294497282608695,0.10756063299334567,0.4721769379532855,0.7063519021739131,13.371509220289147,0.019776202535823635,0.22472578999788864,295.9402173913044,0.7292798913043478,0.020318528515813145,0.22695779152538464,295.6195652173913,0.7080502717391305,0.01997590077150127,0.22677889012772104,295.66847826086956,0.7294497282608695,0.021512126631062965,0.23608846897664276,295.7119565217391,0.40358951066283116,13.0,0.40358951066283116,13.0,0.39840920286265197,13.0,,,,,,41.0,,,15.0,,,,,,,,,,,,,,,,31.728691,,,,,,,,,,,,
0.0001,3.6211832083907782,3.993815440757602,0.5174387079827926,0.09576978724376828,0.33159058614104403,0.5777748899132598,0.09779355499674292,0.33891619712698695,0.5242854152240005,0.09676549496019587,0.3339833862641278,0.6021221180756887,0.10932864555541207,0.3680466489464629,0.5174387079827926,3.6211832083907782,0.019153957474319375,0.16579529307052202,3889.7916666666665,0.5777748899132598,0.019558711087002474,0.16945809856349348,3886.700980392157,0.5242854152240005,0.019353099039518366,0.1669916931320639,3890.9093137254904,0.6021221180756887,0.02186572916951834,0.18402332447323144,3889.1813725490197,13.121357295824135,5.203753036001454,0.6988790760869565,0.10366915133984192,0.4586509712364363,0.7367527173913043,0.10882031820390535,0.4716661494711171,0.7032948369565217,0.10497108069450958,0.459291266358417,0.7399796195652174,0.1182081968240116,0.4995695844940517,0.6988790760869565,13.121357295824135,0.02073383047852827,0.22932548561821814,296.0217391304348,0.7367527173913043,0.021764063681273357,0.23583307473555856,295.6847826086956,0.7032948369565217,0.02099421596073586,0.2296456331792085,295.7717391304348,0.7399796195652174,0.023641639429589977,0.24978479224702585,295.7771739130435,0.39821791423791625,0.6477145159526269,0.5932443262435277,0.75,0.6477145159526269,16,32250088.0,12.474749689516814,5.1178547610407294,0.704483695652174,0.100346640886172,0.45082228857537976,0.73046875,0.10245047655442487,0.45694427775300067,0.7090692934782609,0.10077590981255406,0.4511982798576355,0.7308084239130435,0.10780424883832103,0.4726824579031571,0.704483695652174,12.474749689516814,0.020069328217726688,0.22541114428768988,295.9945652173913,0.73046875,0.0204900953432788,0.22847213887650034,295.5978260869565,0.7090692934782609,0.020155181703360184,0.22559913992881775,295.7391304347826,0.7308084239130435,0.02156084978386112,0.23634122895157855,295.6847826086956,0.40358951066283116,13.0,0.40358951066283116,13.0,0.39840920286265197,13.0,,,,,,,,,,,,25.0,,,,,,,,,,,54.0,,,26.763859,,,,,,,,,,,
0.0001,4.690868302887561,4.147641527886484,0.53198630435794,0.09803667007123723,0.35293584390013827,0.5926240600791632,0.10063194790307213,0.3625660535751605,0.5395976269946379,0.09831264549318482,0.3574632713023354,0.607568924333535,0.1108726182696866,0.39504555539757596,0.53198630435794,4.690868302887561,0.019607334069031125,0.17646792195006913,3887.1446078431372,0.5926240600791632,0.020126389631745862,0.18128302678758024,3885.573529411765,0.5395976269946379,0.019662529193595343,0.1787316356511677,3890.5392156862745,0.607568924333535,0.022174523705068755,0.19752277769878798,3889.531862745098,12.614502450694209,5.159371272377346,0.7219769021739131,0.09938046012235724,0.44187606547189795,0.7535665760869565,0.10077198027916577,0.44644957262536755,0.7287703804347826,0.09905159570600676,0.44399435623832373,0.7421875,0.10822696044393208,0.4731190334195676,0.7219769021739131,12.614502450694209,0.019876091943486877,0.22093803273594897,296.0380434782609,0.7535665760869565,0.020154396112522354,0.22322478631268378,295.7173913043478,0.7287703804347826,0.019810319189792095,0.22199717811916186,295.92934782608694,0.7421875,0.021645392007801845,0.2365595167097838,295.82608695652175,0.40766224662182615,0.654833056474279,0.6084173090636386,0.75,0.654833056474279,17,32250088.0,12.459146084992781,5.093958844309268,0.7048233695652174,0.09918324471167896,0.4472803745580756,0.7277513586956522,0.10127860259102739,0.4525334057600602,0.7090692934782609,0.09991997026878854,0.4476117297359135,0.7275815217391305,0.10681859209485677,0.4701074957847595,0.7048233695652174,12.459146084992781,0.019836648974729622,0.2236401872790378,296.0,0.7277513586956522,0.02025572048581165,0.2262667028800301,295.66847826086956,0.7090692934782609,0.019983994045659252,0.22380586486795676,295.7826086956522,0.7275815217391305,0.02136371831369141,0.23505374789237976,295.76630434782606,0.41859126967303667,16.0,0.41859126967303667,16.0,0.40766224662182615,16.0,,,,,,,,,,,,,,,,,,,,,,,,,,,42.804874,45.0,15.0,,,,,,,,
0.0001,5.2497821882659315,4.134023745854695,0.5318540147706574,0.0970576401142513,0.35375116093485964,0.586997445307526,0.09977361523345404,0.3639920911952561,0.537994990161821,0.09739849621466562,0.3537483463684718,0.6034626376395132,0.11138766624179541,0.39660564006543625,0.5318540147706574,5.2497821882659315,0.0194115279534576,0.17687558046742982,3867.0588235294117,0.586997445307526,0.019954723123387964,0.18199604559762805,3883.642156862745,0.537994990161821,0.019479699177192708,0.1768741731842359,3881.901960784314,0.6034626376395132,0.02227753318627091,0.19830282003271812,3889.973039215686,13.069486203400984,5.091093664583952,0.6968410326086957,0.10132087022066116,0.4524636113125345,0.7243546195652174,0.10396243777611981,0.45664486289024353,0.6997282608695652,0.09968830969022668,0.44999577428983606,0.7250339673913043,0.1087721485806548,0.47228775594545447,0.6968410326086957,13.069486203400984,0.020264174060329147,0.22623180565626724,296.04891304347825,0.7243546195652174,0.02079248756332242,0.22832243144512177,295.5,0.6997282608695652,0.019937661881356136,0.22499788714491803,295.73369565217394,0.7250339673913043,0.021754429392192676,0.23614387797272723,295.6902173913044,0.4177686418081262,0.6664152729651218,0.6140829074584622,0.75,0.6664152729651218,18,32250088.0,11.852114470108695,5.072425593500552,0.7043138586956522,0.09807702315890271,0.44469249378079956,0.7202785326086957,0.10030239885268004,0.4498214384783869,0.7072010869565217,0.09874046496723009,0.44605617549108423,0.7289402173913043,0.10610174322905748,0.46790018936862116,0.7043138586956522,11.852114470108695,0.01961540463178054,0.22234624689039978,295.95652173913044,0.7202785326086957,0.020060479843422123,0.22491071923919345,295.5978260869565,0.7072010869565217,0.01974809307443059,0.22302808774554211,295.76630434782606,0.7289402173913043,0.02122034857292538,0.23395009468431058,295.73369565217394,0.41859126967303667,16.0,0.41859126967303667,16.0,0.4177686418081262,17.0,,,,,,,,,,,,,,,,,,,,,,,,,,,,,,59.965862,47.0,17.0,,,,,
0.0001,3.6024084652171418,3.9634551066978303,0.506305480704588,0.09249895986388712,0.33774112544807733,0.5639474351032108,0.0955014464025404,0.34493933588850734,0.5125800867875417,0.09292140340103823,0.33994508403189044,0.5899871073517144,0.10907519301947426,0.37801241611733155,0.506305480704588,3.6024084652171418,0.01849979195086395,0.16887056272403866,3886.7426470588234,0.5639474351032108,0.019100289189201945,0.17246966794425367,3887.6666666666665,0.5125800867875417,0.018584280640032945,0.16997254201594522,3889.7720588235293,0.5899871073517144,0.02181503866963527,0.18900620805866578,3890.3651960784314,11.878827302352242,5.185465771219005,0.7097486413043478,0.10213409202254337,0.46143388359443,0.733016304347826,0.10592551885739616,0.4698638060818548,0.720108695652174,0.10114460762428201,0.46089609550393146,0.7292798913043478,0.10968810870595601,0.4822262201620185,0.7097486413043478,11.878827302352242,0.020426818655560845,0.230716941797215,296.0,0.733016304347826,0.021185103884857635,0.2349319030409274,295.6847826086956,0.720108695652174,0.020228921516757946,0.23044804775196573,295.8152173913044,0.7292798913043478,0.02193762187886497,0.24111311008100925,295.8641304347826,0.4196979241735993,0.6718378115310951,0.6201107733715947,0.75,0.6718378115310951,19,32250088.0,11.744157542353092,5.057731721712195,0.7038043478260869,0.09895445876147436,0.4437657789043758,0.7189198369565217,0.10005826745992122,0.44916613076044165,0.7073709239130435,0.0981342578711717,0.4450139688408893,0.7216372282608695,0.10538175702095032,0.46552473306655884,0.7038043478260869,11.744157542353092,0.019790891598424187,0.2218828894521879,295.9782608695652,0.7189198369565217,0.02001165335431047,0.22458306538022083,295.5978260869565,0.7073709239130435,0.01962685151754514,0.22250698442044464,295.7554347826087,0.7216372282608695,0.02107635144468235,0.23276236653327942,295.75,0.4196979241735993,18.0,0.41859126967303667,16.0,0.4196979241735993,18.0,,,,,,,,,,,,,,,,,,,,,,,3.0,,,,,33.0,,,,,33.928549,,,,
0.0001,4.654648425532322,4.129264097587735,0.5210418373930688,0.09973644603993378,0.3556405130554648,0.5837355782003963,0.10175478940500933,0.3603702354080537,0.529169827115302,0.09986571828816451,0.35581015780860303,0.6050818504071703,0.11548601076299068,0.4015711031708063,0.5210418373930688,4.654648425532322,0.019947289050940203,0.1778202565277324,3892.075980392157,0.5837355782003963,0.02035095794674228,0.18018511770402684,3888.4632352941176,0.529169827115302,0.019973143606501466,0.17790507890430152,3889.3137254901962,0.6050818504071703,0.023097202017465058,0.20078555158540315,3891.1151960784314,13.092841106912363,5.13840449374655,0.7126358695652174,0.10171742413354956,0.4540263064529585,0.7277513586956522,0.10245111860010934,0.4567176842171213,0.7153532608695652,0.10148143768310547,0.4557701077150262,0.7236752717391305,0.10997303704852643,0.4768516149209893,0.7126358695652174,13.092841106912363,0.020343484883399113,0.22701315322647925,296.0380434782609,0.7277513586956522,0.0204902235823481,0.22835884210856064,295.6521739130435,0.7153532608695652,0.020296287641901035,0.2278850538575131,295.7717391304348,0.7236752717391305,0.021994607523083687,0.23842580746049466,295.7826086956522,0.41303073516602623,0.6639189029967144,0.6199091371847977,0.75,0.6639189029967144,20,32250088.0,11.79685874607252,5.056205614753392,0.7022758152173914,0.09965230394964633,0.445799153784047,0.717391304347826,0.10044636318217152,0.44999643382818805,0.7072010869565217,0.09805230893518614,0.44630039386127307,0.7202785326086957,0.10550418107405952,0.4633077927257704,0.7022758152173914,11.79685874607252,0.019930460814224636,0.2228995768920235,295.9782608695652,0.717391304347826,0.020089272774108078,0.22499821691409402,295.57065217391306,0.7072010869565217,0.019610461819431057,0.22315019693063654,295.75,0.7202785326086957,0.02110083632009185,0.2316538963628852,295.76630434782606,0.4225566066013817,19.0,0.4225566066013817,19.0,0.4196979241735993,18.0,,,,,,,,,,,,,,,,,,,,,,,,,,,,,,,,,,6.603149,44.0,32.0,
0.0001,3.7941762886795343,3.9844718119677376,0.5040844877560934,0.09700857891755946,0.3421427782844095,0.5620292021947748,0.09894539861410272,0.34813982365178125,0.5096504343490974,0.09823257505309348,0.3439131542748096,0.5811818843963099,0.1139601675026557,0.3851833629841898,0.5040844877560934,3.7941762886795343,0.019401715757946175,0.17107138914220474,3893.426470588235,0.5620292021947748,0.019789079861605868,0.17406991182589063,3890.1127450980393,0.5096504343490974,0.01964651512018606,0.1719565771374048,3891.294117647059,0.5811818843963099,0.02279203348592216,0.1925916814920949,3893.2916666666665,13.709405152694039,5.102800576583199,0.6981997282608695,0.10200950762499934,0.4547859935656838,0.7155230978260869,0.10430241117010945,0.45935507313064905,0.6985394021739131,0.10267536730869957,0.45768095488133637,0.7221467391304348,0.11070478092069211,0.476877475562303,0.6981997282608695,13.709405152694039,0.02040190168696901,0.2273929967828419,295.9728260869565,0.7155230978260869,0.020860482250218807,0.22967753656532452,295.57065217391306,0.6985394021739131,0.020535073445543,0.22884047744066818,295.7880434782609,0.7221467391304348,0.022140956159843052,0.2384387377811515,295.7717391304348,0.42109775732568633,0.6754970911269097,0.6173230890152788,0.75,0.6754970911269097,21,32250088.0,13.415337604025137,5.0792562857918115,0.6976902173913043,0.10167738568523656,0.4526813004327857,0.7136548913043478,0.1041225078313247,0.4566736597081889,0.6980298913043478,0.10181914723437765,0.45331059720205225,0.7170516304347826,0.11032749258953592,0.47221754685692163,0.6976902173913043,13.415337604025137,0.020335477128948853,0.22634065021639285,295.9945652173913,0.7136548913043478,0.02082450165534797,0.22833682985409445,295.5652173913044,0.6980298913043478,0.02036382942258016,0.22665529860102612,295.76630434782606,0.7170516304347826,0.022065498623187126,0.23610877342846082,295.7608695652174,0.42109775732568633,21.0,0.4183815038606789,21.0,0.42109775732568633,21.0,,,,,,,,,,,,,,,,,,,,,,,,,,,,24.0,3.0,,,,,,,,27.207127
